uid,namedLocation,domainID,siteID,decimalLatitude,decimalLongitude,geodeticDatum,coordinateUncertainty,elevation,elevationUncertainty,plotType,nlcdClass,plotID,subplotID,endDate,boutNumber,eventID,samplingProtocolVersion,targetTaxaPresent,taxonID,scientificName,taxonRank,family,nativeStatusCode,identificationQualifier,taxonIDRemarks,morphospeciesID,morphospeciesIDRemarks,identificationReferences,additionalSpecies,remarks,measuredBy,recordedBy,samplingImpractical,samplingImpracticalRemarks,biophysicalCriteria
"db184e8a-0d69-44c3-9fa5-dded586658a4","UNDE_034.basePlot.div","D05","UNDE",46.248534,-89.520942,"WGS84",20.23,519.1,0.3,"distributed","mixedForest","UNDE_034","32","2022-08-18",1,"UNDE.1.2022","NEON.DOC.014042vM",,,,,,,,,,,,,"Sampling impractical record","0000-0002-8883-3677",,"location flooded","Resource Limitations",
"51f8bfe3-8d51-42e8-a512-4580982b4f75","UNDE_014.basePlot.div","D05","UNDE",46.225960,-89.513299,"WGS84",20.17,524.0,0.2,"distributed","deciduousForest","UNDE_014","31.1.10","2022-08-18",1,"UNDE.1.2022","NEON.DOC.014042vM",,,,,,,,,,,,,"Sampling impractical record","0000-0002-8883-3677",,"logistical","Resource Limitations","OK - no known exceptions"
"8ea7e2a2-01b2-4913-b656-7f3b25ae71e0","UNDE_014.basePlot.div","D05","UNDE",46.225960,-89.513299,"WGS84",20.17,524.0,0.2,"distributed","deciduousForest","UNDE_014","40","2022-08-18",1,"UNDE.1.2022","NEON.DOC.014042vM",,,,,,,,,,,,,"Sampling impractical record","0000-0002-8883-3677",,"location flooded","Resource Limitations","OK - no known exceptions"
"d4318ecc-89d8-4f76-b3d8-384247c6a0d7","UNDE_020.basePlot.div","D05","UNDE",46.207506,-89.481736,"WGS84",20.18,507.2,0.4,"distributed","woodyWetlands","UNDE_020","32.2.10","2022-08-18",1,"UNDE.1.2022","NEON.DOC.014042vM",,,,,,,,,,,,,"Sampling impractical record","0000-0002-8883-3677",,"logistical","Resource Limitations","OK - no known exceptions"
"ef76fb6a-4352-4e75-97c7-0615d1bc4a90","UNDE_024.basePlot.div","D05","UNDE",46.215356,-89.516732,"WGS84",20.29,504.9,0.5,"distributed","woodyWetlands","UNDE_024","32.2.10","2022-08-18",1,"UNDE.1.2022","NEON.DOC.014042vM",,,,,,,,,,,,,"Sampling impractical record","0000-0002-8883-3677",,"logistical","Resource Limitations","OK - no known exceptions"
"770dc6c6-81b0-4ac6-bd00-4b67d4218073","UNDE_035.basePlot.div","D05","UNDE",46.218532,-89.507910,"WGS84",20.19,521.3,0.2,"distributed","mixedForest","UNDE_035","31","2022-08-18",1,"UNDE.1.2022","NEON.DOC.014042vM",,,,,,,,,,,,,"Sampling impractical record","0000-0002-8883-3677",,"logistical","Resource Limitations","OK - no known exceptions"
"f50aaae7-9187-493f-a858-3a5998835482","UNDE_036.basePlot.div","D05","UNDE",46.253708,-89.516869,"WGS84",20.16,525.0,0.2,"distributed","mixedForest","UNDE_036","41.4.10","2022-08-18",1,"UNDE.1.2022","NEON.DOC.014042vM",,,,,,,,,,,,,"Sampling impractical record","0000-0002-8883-3677",,"logistical","Resource Limitations","OK - no known exceptions"
"c47c6319-08c9-413b-be59-8409346d3f99","UNDE_018.basePlot.div","D05","UNDE",46.243048,-89.534710,"WGS84",20.12,506.4,0.1,"distributed","woodyWetlands","UNDE_018","41","2022-08-18",1,"UNDE.1.2022","NEON.DOC.014042vM",,,,,,,,,,,,,"Sampling impractical record","0000-0002-8883-3677",,"logistical","Resource Limitations","OK - no known exceptions"
"35b9c40f-8fcb-43a3-9b89-23b6b4bbd373","UNDE_023.basePlot.div","D05","UNDE",46.230008,-89.501807,"WGS84",20.14,516.4,0.2,"distributed","woodyWetlands","UNDE_023","40.3.10","2022-08-18",1,"UNDE.1.2022","NEON.DOC.014042vM",,,,,,,,,,,,,"Sampling impractical record","0000-0002-8883-3677",,"logistical","Resource Limitations","OK - no known exceptions"
"b337c584-b405-4165-9a9c-155ce849850e","UNDE_018.basePlot.div","D05","UNDE",46.243048,-89.534710,"WGS84",20.12,506.4,0.1,"distributed","woodyWetlands","UNDE_018","40.1.10","2022-08-18",1,"UNDE.1.2022","NEON.DOC.014042vM",,,,,,,,,,,,,"Sampling impractical record","0000-0002-8883-3677",,"logistical","Resource Limitations","OK - no known exceptions"
"a537e108-f191-484d-bd6b-4aa9cbd6d2b4","UNDE_036.basePlot.div","D05","UNDE",46.253708,-89.516869,"WGS84",20.16,525.0,0.2,"distributed","mixedForest","UNDE_036","31","2022-08-18",1,"UNDE.1.2022","NEON.DOC.014042vM",,,,,,,,,,,,,"Sampling impractical record","0000-0002-8883-3677",,"logistical","Resource Limitations","OK - no known exceptions"
"1d96d7c8-85a6-4b68-b32b-b2c418461c23","UNDE_029.basePlot.div","D05","UNDE",46.251554,-89.516809,"WGS84",20.22,521.9,0.3,"distributed","deciduousForest","UNDE_029","40","2022-08-18",1,"UNDE.1.2022","NEON.DOC.014042vM",,,,,,,,,,,,,"Sampling impractical record","0000-0002-8883-3677",,"location flooded","Resource Limitations","OK - no known exceptions"
"a4305da7-3df8-426d-9642-5452691b0b4a","UNDE_020.basePlot.div","D05","UNDE",46.207506,-89.481736,"WGS84",20.18,507.2,0.4,"distributed","woodyWetlands","UNDE_020","32","2022-08-18",1,"UNDE.1.2022","NEON.DOC.014042vM",,,,,,,,,,,,,"Sampling impractical record","0000-0002-8883-3677",,"location flooded","Resource Limitations","OK - no known exceptions"
"0a8e5fea-be3b-4f41-b808-1dd4f9bbb0f7","UNDE_028.basePlot.div","D05","UNDE",46.256879,-89.545066,"WGS84",20.19,519.4,0.2,"distributed","deciduousForest","UNDE_028","41.4.10","2022-08-18",1,"UNDE.1.2022","NEON.DOC.014042vM",,,,,,,,,,,,,"Sampling impractical record","0000-0002-8883-3677",,"logistical","Resource Limitations","OK - no known exceptions"
"adf99f00-b2ec-46a4-a019-5afa99db9744","UNDE_022.basePlot.div","D05","UNDE",46.230668,-89.569550,"WGS84",20.10,508.9,0.1,"distributed","woodyWetlands","UNDE_022","40.3.10","2022-08-18",1,"UNDE.1.2022","NEON.DOC.014042vM",,,,,,,,,,,,,"Sampling impractical record","0000-0002-8883-3677",,"logistical","Resource Limitations","OK - no known exceptions"
"caa5086b-eab9-48a4-a8f8-04e5556d9984","UNDE_019.basePlot.div","D05","UNDE",46.258243,-89.543562,"WGS84",20.27,517.5,0.3,"distributed","deciduousForest","UNDE_019","32","2022-08-18",1,"UNDE.1.2022","NEON.DOC.014042vM",,,,,,,,,,,,,"Sampling impractical record","0000-0002-8883-3677",,"location flooded","Resource Limitations","OK - no known exceptions"
"0d912565-a274-4a64-b623-c3e1daf08417","UNDE_028.basePlot.div","D05","UNDE",46.256879,-89.545066,"WGS84",20.19,519.4,0.2,"distributed","deciduousForest","UNDE_028","31","2022-08-18",1,"UNDE.1.2022","NEON.DOC.014042vM",,,,,,,,,,,,,"Sampling impractical record","0000-0002-8883-3677",,"logistical","Resource Limitations","OK - no known exceptions"
"997a377c-9b5b-4d9f-8a9f-1cfc1eff60d1","UNDE_034.basePlot.div","D05","UNDE",46.248534,-89.520942,"WGS84",20.23,519.1,0.3,"distributed","mixedForest","UNDE_034","41.4.10","2022-08-18",1,"UNDE.1.2022","NEON.DOC.014042vM",,,,,,,,,,,,,"Sampling impractical record","0000-0002-8883-3677",,"logistical","Resource Limitations","OK - no known exceptions"
"62edb781-28e6-4bf0-8c9f-8bdecda44274","UNDE_024.basePlot.div","D05","UNDE",46.215356,-89.516732,"WGS84",20.29,504.9,0.5,"distributed","woodyWetlands","UNDE_024","31.1.10","2022-08-18",1,"UNDE.1.2022","NEON.DOC.014042vM",,,,,,,,,,,,,"Sampling impractical record","0000-0002-8883-3677",,"logistical","Resource Limitations","OK - no known exceptions"
"9e9b2f4e-f830-46a4-b50a-69178dff4031","UNDE_022.basePlot.div","D05","UNDE",46.230668,-89.569550,"WGS84",20.10,508.9,0.1,"distributed","woodyWetlands","UNDE_022","31","2022-08-18",1,"UNDE.1.2022","NEON.DOC.014042vM",,,,,,,,,,,,,"Sampling impractical record","0000-0002-8883-3677",,"logistical","Resource Limitations","OK - no known exceptions"
"44816aa9-7ed5-4883-9462-a1fe07399a3d","UNDE_024.basePlot.div","D05","UNDE",46.215356,-89.516732,"WGS84",20.29,504.9,0.5,"distributed","woodyWetlands","UNDE_024","32","2022-08-18",1,"UNDE.1.2022","NEON.DOC.014042vM",,,,,,,,,,,,,"Sampling impractical record","0000-0002-8883-3677",,"location flooded","Resource Limitations","OK - no known exceptions"
"2141282f-c024-4c84-95da-12088610b013","UNDE_027.basePlot.div","D05","UNDE",46.210824,-89.490040,"WGS84",20.23,516.7,0.3,"distributed","deciduousForest","UNDE_027","40.1.10","2022-08-18",1,"UNDE.1.2022","NEON.DOC.014042vM",,,,,,,,,,,,,"Sampling impractical record","0000-0002-8883-3677",,"logistical","Resource Limitations","OK - no known exceptions"
"cbab9cdb-1c59-4b04-9e93-adc7816769c9","UNDE_035.basePlot.div","D05","UNDE",46.218532,-89.507910,"WGS84",20.19,521.3,0.2,"distributed","mixedForest","UNDE_035","32.4.10","2022-08-18",1,"UNDE.1.2022","NEON.DOC.014042vM",,,,,,,,,,,,,"Sampling impractical record","0000-0002-8883-3677",,"logistical","Resource Limitations","OK - no known exceptions"
"bbd9676e-3650-416d-aafb-db4daabcae5d","UNDE_016.basePlot.div","D05","UNDE",46.245970,-89.525485,"WGS84",20.14,505.1,0.2,"distributed","woodyWetlands","UNDE_016","41","2022-08-18",1,"UNDE.1.2022","NEON.DOC.014042vM",,,,,,,,,,,,,"Sampling impractical record","0000-0002-8883-3677",,"logistical","Resource Limitations","OK - no known exceptions"
"8b016c99-5e4b-4573-94c1-eb2449cd1666","UNDE_018.basePlot.div","D05","UNDE",46.243048,-89.534710,"WGS84",20.12,506.4,0.1,"distributed","woodyWetlands","UNDE_018","40","2022-08-18",1,"UNDE.1.2022","NEON.DOC.014042vM",,,,,,,,,,,,,"Sampling impractical record","0000-0002-8883-3677",,"location flooded","Resource Limitations","OK - no known exceptions"
"24e6eeee-97ae-4f81-a55a-034dcb8737bd","UNDE_018.basePlot.div","D05","UNDE",46.243048,-89.534710,"WGS84",20.12,506.4,0.1,"distributed","woodyWetlands","UNDE_018","32.2.10","2022-08-18",1,"UNDE.1.2022","NEON.DOC.014042vM",,,,,,,,,,,,,"Sampling impractical record","0000-0002-8883-3677",,"logistical","Resource Limitations","OK - no known exceptions"
"bd2c321d-8e84-4190-bb1b-fcf1fa65c23d","UNDE_019.basePlot.div","D05","UNDE",46.258243,-89.543562,"WGS84",20.27,517.5,0.3,"distributed","deciduousForest","UNDE_019","41.4.10","2022-08-18",1,"UNDE.1.2022","NEON.DOC.014042vM",,,,,,,,,,,,,"Sampling impractical record","0000-0002-8883-3677",,"logistical","Resource Limitations","OK - no known exceptions"
"0e332101-0abe-40e7-a97e-faa590764b6f","UNDE_020.basePlot.div","D05","UNDE",46.207506,-89.481736,"WGS84",20.18,507.2,0.4,"distributed","woodyWetlands","UNDE_020","32.4.10","2022-08-18",1,"UNDE.1.2022","NEON.DOC.014042vM",,,,,,,,,,,,,"Sampling impractical record","0000-0002-8883-3677",,"logistical","Resource Limitations","OK - no known exceptions"
"d623e68c-a274-4998-907d-cc3aea638509","UNDE_019.basePlot.div","D05","UNDE",46.258243,-89.543562,"WGS84",20.27,517.5,0.3,"distributed","deciduousForest","UNDE_019","31","2022-08-18",1,"UNDE.1.2022","NEON.DOC.014042vM",,,,,,,,,,,,,"Sampling impractical record","0000-0002-8883-3677",,"logistical","Resource Limitations","OK - no known exceptions"
"d7d01c0d-09a3-45ed-a816-85ac62011475","UNDE_035.basePlot.div","D05","UNDE",46.218532,-89.507910,"WGS84",20.19,521.3,0.2,"distributed","mixedForest","UNDE_035","40.3.10","2022-08-18",1,"UNDE.1.2022","NEON.DOC.014042vM",,,,,,,,,,,,,"Sampling impractical record","0000-0002-8883-3677",,"logistical","Resource Limitations","OK - no known exceptions"
"573ec9bc-fdb5-4840-8b64-e400fcfa59ac","UNDE_036.basePlot.div","D05","UNDE",46.253708,-89.516869,"WGS84",20.16,525.0,0.2,"distributed","mixedForest","UNDE_036","32.2.10","2022-08-18",1,"UNDE.1.2022","NEON.DOC.014042vM",,,,,,,,,,,,,"Sampling impractical record","0000-0002-8883-3677",,"logistical","Resource Limitations","OK - no known exceptions"
"683a23db-d73f-4114-b921-dbcb23c2d46f","UNDE_020.basePlot.div","D05","UNDE",46.207506,-89.481736,"WGS84",20.18,507.2,0.4,"distributed","woodyWetlands","UNDE_020","40.3.10","2022-08-18",1,"UNDE.1.2022","NEON.DOC.014042vM",,,,,,,,,,,,,"Sampling impractical record","0000-0002-8883-3677",,"logistical","Resource Limitations","OK - no known exceptions"
"ccae193e-6906-495e-b8e7-011497df1de1","UNDE_019.basePlot.div","D05","UNDE",46.258243,-89.543562,"WGS84",20.27,517.5,0.3,"distributed","deciduousForest","UNDE_019","40.1.10","2022-08-18",1,"UNDE.1.2022","NEON.DOC.014042vM",,,,,,,,,,,,,"Sampling impractical record","0000-0002-8883-3677",,"logistical","Resource Limitations","OK - no known exceptions"
"83c0c594-622c-4ba9-89da-535e32d74034","UNDE_027.basePlot.div","D05","UNDE",46.210824,-89.490040,"WGS84",20.23,516.7,0.3,"distributed","deciduousForest","UNDE_027","32.2.10","2022-08-18",1,"UNDE.1.2022","NEON.DOC.014042vM",,,,,,,,,,,,,"Sampling impractical record","0000-0002-8883-3677",,"logistical","Resource Limitations","OK - no known exceptions"
"802e2689-2330-41f2-833f-983de99a36d9","UNDE_025.basePlot.div","D05","UNDE",46.234098,-89.573198,"WGS84",20.10,508.9,0.1,"distributed","woodyWetlands","UNDE_025","31.1.10","2022-08-18",1,"UNDE.1.2022","NEON.DOC.014042vM",,,,,,,,,,,,,"Sampling impractical record","0000-0002-8883-3677",,"logistical","Resource Limitations","OK - no known exceptions"
"789e35b8-28aa-4cb5-bbe6-e20e86b6fc2d","UNDE_027.basePlot.div","D05","UNDE",46.210824,-89.490040,"WGS84",20.23,516.7,0.3,"distributed","deciduousForest","UNDE_027","41.4.10","2022-08-18",1,"UNDE.1.2022","NEON.DOC.014042vM",,,,,,,,,,,,,"Sampling impractical record","0000-0002-8883-3677",,"logistical","Resource Limitations","OK - no known exceptions"
"132cf892-1980-4dce-a69e-ddbb9ba128df","UNDE_014.basePlot.div","D05","UNDE",46.225960,-89.513299,"WGS84",20.17,524.0,0.2,"distributed","deciduousForest","UNDE_014","40.3.10","2022-08-18",1,"UNDE.1.2022","NEON.DOC.014042vM",,,,,,,,,,,,,"Sampling impractical record","0000-0002-8883-3677",,"logistical","Resource Limitations","OK - no known exceptions"
"42882e5c-97cd-49de-a437-926e218c2d6b","UNDE_028.basePlot.div","D05","UNDE",46.256879,-89.545066,"WGS84",20.19,519.4,0.2,"distributed","deciduousForest","UNDE_028","31.1.10","2022-08-18",1,"UNDE.1.2022","NEON.DOC.014042vM",,,,,,,,,,,,,"Sampling impractical record","0000-0002-8883-3677",,"logistical","Resource Limitations","OK - no known exceptions"
"ba9a99e1-fd81-4ec8-88fd-c8fba6ed53c2","UNDE_021.basePlot.div","D05","UNDE",46.218464,-89.511800,"WGS84",20.24,508.7,0.4,"distributed","woodyWetlands","UNDE_021","31","2022-08-18",1,"UNDE.1.2022","NEON.DOC.014042vM",,,,,,,,,,,,,"Sampling impractical record","0000-0002-8883-3677",,"logistical","Resource Limitations","OK - no known exceptions"
"4ad8e086-69ad-4aef-93bf-ea83d9b8bd54","UNDE_016.basePlot.div","D05","UNDE",46.245970,-89.525485,"WGS84",20.14,505.1,0.2,"distributed","woodyWetlands","UNDE_016","40","2022-08-18",1,"UNDE.1.2022","NEON.DOC.014042vM",,,,,,,,,,,,,"Sampling impractical record","0000-0002-8883-3677",,"location flooded","Resource Limitations","OK - no known exceptions"
"8f78e27b-f67b-4da2-a8f4-f44155bbd84a","UNDE_077.basePlot.div","D05","UNDE",46.247265,-89.539571,"WGS84",20.19,516.4,0.2,"distributed","mixedForest","UNDE_077","41.4.10","2022-08-18",1,"UNDE.1.2022","NEON.DOC.014042vM",,,,,,,,,,,,,"Sampling impractical record","0000-0002-8883-3677",,"logistical","Resource Limitations","OK - no known exceptions"
"60e84f9e-0502-42bc-8fff-9aa0638dd0f2","UNDE_024.basePlot.div","D05","UNDE",46.215356,-89.516732,"WGS84",20.29,504.9,0.5,"distributed","woodyWetlands","UNDE_024","40.3.10","2022-08-18",1,"UNDE.1.2022","NEON.DOC.014042vM",,,,,,,,,,,,,"Sampling impractical record","0000-0002-8883-3677",,"logistical","Resource Limitations","OK - no known exceptions"
"049b36f6-2eb6-401e-9b4d-81e8ef450370","UNDE_034.basePlot.div","D05","UNDE",46.248534,-89.520942,"WGS84",20.23,519.1,0.3,"distributed","mixedForest","UNDE_034","40.1.10","2022-08-18",1,"UNDE.1.2022","NEON.DOC.014042vM",,,,,,,,,,,,,"Sampling impractical record","0000-0002-8883-3677",,"logistical","Resource Limitations","OK - no known exceptions"
"708bd406-fd62-4242-9165-a7bbee48c726","UNDE_019.basePlot.div","D05","UNDE",46.258243,-89.543562,"WGS84",20.27,517.5,0.3,"distributed","deciduousForest","UNDE_019","40","2022-08-18",1,"UNDE.1.2022","NEON.DOC.014042vM",,,,,,,,,,,,,"Sampling impractical record","0000-0002-8883-3677",,"location flooded","Resource Limitations","OK - no known exceptions"
"dc918e95-48f3-468c-b572-c5cc6398477c","UNDE_034.basePlot.div","D05","UNDE",46.248534,-89.520942,"WGS84",20.23,519.1,0.3,"distributed","mixedForest","UNDE_034","41","2022-08-18",1,"UNDE.1.2022","NEON.DOC.014042vM",,,,,,,,,,,,,"Sampling impractical record","0000-0002-8883-3677",,"logistical","Resource Limitations","OK - no known exceptions"
"8bb4015f-1cdd-45b4-86a2-a58ee1f5c7a3","UNDE_023.basePlot.div","D05","UNDE",46.230008,-89.501807,"WGS84",20.14,516.4,0.2,"distributed","woodyWetlands","UNDE_023","32.4.10","2022-08-18",1,"UNDE.1.2022","NEON.DOC.014042vM",,,,,,,,,,,,,"Sampling impractical record","0000-0002-8883-3677",,"logistical","Resource Limitations","OK - no known exceptions"
"c4596be8-406b-4efb-b207-669bd58f6769","UNDE_036.basePlot.div","D05","UNDE",46.253708,-89.516869,"WGS84",20.16,525.0,0.2,"distributed","mixedForest","UNDE_036","41","2022-08-18",1,"UNDE.1.2022","NEON.DOC.014042vM",,,,,,,,,,,,,"Sampling impractical record","0000-0002-8883-3677",,"logistical","Resource Limitations","OK - no known exceptions"
"1aefc2a5-161b-42fa-a3ca-3b0f77563ce7","UNDE_030.basePlot.div","D05","UNDE",46.234502,-89.518756,"WGS84",20.24,519.0,0.3,"distributed","deciduousForest","UNDE_030","41","2022-08-18",1,"UNDE.1.2022","NEON.DOC.014042vM",,,,,,,,,,,,,"Sampling impractical record","0000-0002-8883-3677",,"logistical","Resource Limitations","OK - no known exceptions"
"a0acb876-910b-42a6-8d93-e42ee8ccb9a6","UNDE_028.basePlot.div","D05","UNDE",46.256879,-89.545066,"WGS84",20.19,519.4,0.2,"distributed","deciduousForest","UNDE_028","32.4.10","2022-08-18",1,"UNDE.1.2022","NEON.DOC.014042vM",,,,,,,,,,,,,"Sampling impractical record","0000-0002-8883-3677",,"logistical","Resource Limitations","OK - no known exceptions"
"153f6ba9-e241-47c7-8af4-dd89c13b76b0","UNDE_022.basePlot.div","D05","UNDE",46.230668,-89.569550,"WGS84",20.10,508.9,0.1,"distributed","woodyWetlands","UNDE_022","40.1.10","2022-08-18",1,"UNDE.1.2022","NEON.DOC.014042vM",,,,,,,,,,,,,"Sampling impractical record","0000-0002-8883-3677",,"logistical","Resource Limitations","OK - no known exceptions"
"5678f9f6-d3ee-43a1-bd97-cfd06fab541c","UNDE_025.basePlot.div","D05","UNDE",46.234098,-89.573198,"WGS84",20.10,508.9,0.1,"distributed","woodyWetlands","UNDE_025","41.4.10","2022-08-18",1,"UNDE.1.2022","NEON.DOC.014042vM",,,,,,,,,,,,,"Sampling impractical record","0000-0002-8883-3677",,"logistical","Resource Limitations","OK - no known exceptions"
"c940815b-74ed-4d95-8780-f15abb334fb4","UNDE_077.basePlot.div","D05","UNDE",46.247265,-89.539571,"WGS84",20.19,516.4,0.2,"distributed","mixedForest","UNDE_077","32.2.10","2022-08-18",1,"UNDE.1.2022","NEON.DOC.014042vM",,,,,,,,,,,,,"Sampling impractical record","0000-0002-8883-3677",,"logistical","Resource Limitations","OK - no known exceptions"
"0baf8aa6-051c-40b7-87a1-342d839abcb2","UNDE_021.basePlot.div","D05","UNDE",46.218464,-89.511800,"WGS84",20.24,508.7,0.4,"distributed","woodyWetlands","UNDE_021","41.4.10","2022-08-18",1,"UNDE.1.2022","NEON.DOC.014042vM",,,,,,,,,,,,,"Sampling impractical record","0000-0002-8883-3677",,"logistical","Resource Limitations","OK - no known exceptions"
"0b37bf75-d194-4bda-99c0-cb731dd5fb07","UNDE_022.basePlot.div","D05","UNDE",46.230668,-89.569550,"WGS84",20.10,508.9,0.1,"distributed","woodyWetlands","UNDE_022","31.1.10","2022-08-18",1,"UNDE.1.2022","NEON.DOC.014042vM",,,,,,,,,,,,,"Sampling impractical record","0000-0002-8883-3677",,"logistical","Resource Limitations","OK - no known exceptions"
"161964bf-a9cc-4d10-9458-0a4efee69a76","UNDE_034.basePlot.div","D05","UNDE",46.248534,-89.520942,"WGS84",20.23,519.1,0.3,"distributed","mixedForest","UNDE_034","40","2022-08-18",1,"UNDE.1.2022","NEON.DOC.014042vM",,,,,,,,,,,,,"Sampling impractical record","0000-0002-8883-3677",,"location flooded","Resource Limitations","OK - no known exceptions"
"a1290b3b-13da-4754-bcf8-6386f0b71a6f","UNDE_023.basePlot.div","D05","UNDE",46.230008,-89.501807,"WGS84",20.14,516.4,0.2,"distributed","woodyWetlands","UNDE_023","31","2022-08-18",1,"UNDE.1.2022","NEON.DOC.014042vM",,,,,,,,,,,,,"Sampling impractical record","0000-0002-8883-3677",,"logistical","Resource Limitations","OK - no known exceptions"
"5a6ac2f5-8791-4b5a-be6d-d37e016ab4af","UNDE_027.basePlot.div","D05","UNDE",46.210824,-89.490040,"WGS84",20.23,516.7,0.3,"distributed","deciduousForest","UNDE_027","40.3.10","2022-08-18",1,"UNDE.1.2022","NEON.DOC.014042vM",,,,,,,,,,,,,"Sampling impractical record","0000-0002-8883-3677",,"logistical","Resource Limitations","OK - no known exceptions"
"ac802089-1ba1-4e7f-a176-32dbed6f1560","UNDE_029.basePlot.div","D05","UNDE",46.251554,-89.516809,"WGS84",20.22,521.9,0.3,"distributed","deciduousForest","UNDE_029","31.1.10","2022-08-18",1,"UNDE.1.2022","NEON.DOC.014042vM",,,,,,,,,,,,,"Sampling impractical record","0000-0002-8883-3677",,"logistical","Resource Limitations","OK - no known exceptions"
"a0b2b68e-3ffe-4e8f-8e8d-f5bc8260afa6","UNDE_020.basePlot.div","D05","UNDE",46.207506,-89.481736,"WGS84",20.18,507.2,0.4,"distributed","woodyWetlands","UNDE_020","31.1.10","2022-08-18",1,"UNDE.1.2022","NEON.DOC.014042vM",,,,,,,,,,,,,"Sampling impractical record","0000-0002-8883-3677",,"logistical","Resource Limitations","OK - no known exceptions"
"5cedc831-bef9-4d50-8b3f-2e12b6ce3165","UNDE_022.basePlot.div","D05","UNDE",46.230668,-89.569550,"WGS84",20.10,508.9,0.1,"distributed","woodyWetlands","UNDE_022","41.4.10","2022-08-18",1,"UNDE.1.2022","NEON.DOC.014042vM",,,,,,,,,,,,,"Sampling impractical record","0000-0002-8883-3677",,"logistical","Resource Limitations","OK - no known exceptions"
"2adce678-a065-4d68-81a8-4cc33f46d739","UNDE_029.basePlot.div","D05","UNDE",46.251554,-89.516809,"WGS84",20.22,521.9,0.3,"distributed","deciduousForest","UNDE_029","41","2022-08-18",1,"UNDE.1.2022","NEON.DOC.014042vM",,,,,,,,,,,,,"Sampling impractical record","0000-0002-8883-3677",,"logistical","Resource Limitations","OK - no known exceptions"
"55ea8d43-0f2d-478f-8ec3-9790cc443260","UNDE_020.basePlot.div","D05","UNDE",46.207506,-89.481736,"WGS84",20.18,507.2,0.4,"distributed","woodyWetlands","UNDE_020","41","2022-08-18",1,"UNDE.1.2022","NEON.DOC.014042vM",,,,,,,,,,,,,"Sampling impractical record","0000-0002-8883-3677",,"logistical","Resource Limitations","OK - no known exceptions"
"8629f92d-29df-419f-9640-71989fe1b763","UNDE_023.basePlot.div","D05","UNDE",46.230008,-89.501807,"WGS84",20.14,516.4,0.2,"distributed","woodyWetlands","UNDE_023","32.2.10","2022-08-18",1,"UNDE.1.2022","NEON.DOC.014042vM",,,,,,,,,,,,,"Sampling impractical record","0000-0002-8883-3677",,"logistical","Resource Limitations","OK - no known exceptions"
"05314cae-a584-4a8f-853e-a82bc8a19ab5","UNDE_018.basePlot.div","D05","UNDE",46.243048,-89.534710,"WGS84",20.12,506.4,0.1,"distributed","woodyWetlands","UNDE_018","32","2022-08-18",1,"UNDE.1.2022","NEON.DOC.014042vM",,,,,,,,,,,,,"Sampling impractical record","0000-0002-8883-3677",,"location flooded","Resource Limitations","OK - no known exceptions"
"8e3e6713-bfc6-4be4-86ed-b29ddc2a364d","UNDE_020.basePlot.div","D05","UNDE",46.207506,-89.481736,"WGS84",20.18,507.2,0.4,"distributed","woodyWetlands","UNDE_020","40.1.10","2022-08-18",1,"UNDE.1.2022","NEON.DOC.014042vM",,,,,,,,,,,,,"Sampling impractical record","0000-0002-8883-3677",,"logistical","Resource Limitations","OK - no known exceptions"
"43958a7c-df91-46fb-8d3b-a2105a7107ca","UNDE_016.basePlot.div","D05","UNDE",46.245970,-89.525485,"WGS84",20.14,505.1,0.2,"distributed","woodyWetlands","UNDE_016","31","2022-08-18",1,"UNDE.1.2022","NEON.DOC.014042vM",,,,,,,,,,,,,"Sampling impractical record","0000-0002-8883-3677",,"logistical","Resource Limitations","OK - no known exceptions"
"774be024-092a-483d-a8a8-4b5f337469f3","UNDE_016.basePlot.div","D05","UNDE",46.245970,-89.525485,"WGS84",20.14,505.1,0.2,"distributed","woodyWetlands","UNDE_016","40.3.10","2022-08-18",1,"UNDE.1.2022","NEON.DOC.014042vM",,,,,,,,,,,,,"Sampling impractical record","0000-0002-8883-3677",,"logistical","Resource Limitations","OK - no known exceptions"
"33939c46-7390-45ae-bb15-e60fa02dd5d7","UNDE_077.basePlot.div","D05","UNDE",46.247265,-89.539571,"WGS84",20.19,516.4,0.2,"distributed","mixedForest","UNDE_077","40.3.10","2022-08-18",1,"UNDE.1.2022","NEON.DOC.014042vM",,,,,,,,,,,,,"Sampling impractical record","0000-0002-8883-3677",,"logistical","Resource Limitations","OK - no known exceptions"
"ef4e163e-5e32-47a2-a0f3-4482ab574d2f","UNDE_021.basePlot.div","D05","UNDE",46.218464,-89.511800,"WGS84",20.24,508.7,0.4,"distributed","woodyWetlands","UNDE_021","32","2022-08-18",1,"UNDE.1.2022","NEON.DOC.014042vM",,,,,,,,,,,,,"Sampling impractical record","0000-0002-8883-3677",,"location flooded","Resource Limitations","OK - no known exceptions"
"9ec3e243-2986-4a1b-8c4d-17de762cd919","UNDE_022.basePlot.div","D05","UNDE",46.230668,-89.569550,"WGS84",20.10,508.9,0.1,"distributed","woodyWetlands","UNDE_022","40","2022-08-18",1,"UNDE.1.2022","NEON.DOC.014042vM",,,,,,,,,,,,,"Sampling impractical record","0000-0002-8883-3677",,"location flooded","Resource Limitations","OK - no known exceptions"
"4306626a-349c-4f29-b95f-05020c0ab471","UNDE_030.basePlot.div","D05","UNDE",46.234502,-89.518756,"WGS84",20.24,519.0,0.3,"distributed","deciduousForest","UNDE_030","31","2022-08-18",1,"UNDE.1.2022","NEON.DOC.014042vM",,,,,,,,,,,,,"Sampling impractical record","0000-0002-8883-3677",,"logistical","Resource Limitations","OK - no known exceptions"
"64bd56cb-9663-4706-b3d6-1fbd63a438f1","UNDE_077.basePlot.div","D05","UNDE",46.247265,-89.539571,"WGS84",20.19,516.4,0.2,"distributed","mixedForest","UNDE_077","31.1.10","2022-08-18",1,"UNDE.1.2022","NEON.DOC.014042vM",,,,,,,,,,,,,"Sampling impractical record","0000-0002-8883-3677",,"logistical","Resource Limitations","OK - no known exceptions"
"625a20f8-21c5-4b6b-bb8d-6583d29c69b2","UNDE_019.basePlot.div","D05","UNDE",46.258243,-89.543562,"WGS84",20.27,517.5,0.3,"distributed","deciduousForest","UNDE_019","41","2022-08-18",1,"UNDE.1.2022","NEON.DOC.014042vM",,,,,,,,,,,,,"Sampling impractical record","0000-0002-8883-3677",,"logistical","Resource Limitations","OK - no known exceptions"
"517f717f-ab90-44ed-b81f-549d98fbdd4c","UNDE_036.basePlot.div","D05","UNDE",46.253708,-89.516869,"WGS84",20.16,525.0,0.2,"distributed","mixedForest","UNDE_036","40.3.10","2022-08-18",1,"UNDE.1.2022","NEON.DOC.014042vM",,,,,,,,,,,,,"Sampling impractical record","0000-0002-8883-3677",,"logistical","Resource Limitations","OK - no known exceptions"
"c05ccae9-0eb2-417f-a6f0-81d5c981864e","UNDE_029.basePlot.div","D05","UNDE",46.251554,-89.516809,"WGS84",20.22,521.9,0.3,"distributed","deciduousForest","UNDE_029","32","2022-08-18",1,"UNDE.1.2022","NEON.DOC.014042vM",,,,,,,,,,,,,"Sampling impractical record","0000-0002-8883-3677",,"location flooded","Resource Limitations","OK - no known exceptions"
"4a7e2bf6-78b6-49e2-9362-35a470b3a7bf","UNDE_024.basePlot.div","D05","UNDE",46.215356,-89.516732,"WGS84",20.29,504.9,0.5,"distributed","woodyWetlands","UNDE_024","41.4.10","2022-08-18",1,"UNDE.1.2022","NEON.DOC.014042vM",,,,,,,,,,,,,"Sampling impractical record","0000-0002-8883-3677",,"logistical","Resource Limitations","OK - no known exceptions"
"d7e38c6e-8df1-4ffc-85cd-e2a380f20494","UNDE_030.basePlot.div","D05","UNDE",46.234502,-89.518756,"WGS84",20.24,519.0,0.3,"distributed","deciduousForest","UNDE_030","40.1.10","2022-08-18",1,"UNDE.1.2022","NEON.DOC.014042vM",,,,,,,,,,,,,"Sampling impractical record","0000-0002-8883-3677",,"logistical","Resource Limitations","OK - no known exceptions"
"d665a60c-c751-4cd1-a6b4-e3264fcf8dce","UNDE_021.basePlot.div","D05","UNDE",46.218464,-89.511800,"WGS84",20.24,508.7,0.4,"distributed","woodyWetlands","UNDE_021","40.3.10","2022-08-18",1,"UNDE.1.2022","NEON.DOC.014042vM",,,,,,,,,,,,,"Sampling impractical record","0000-0002-8883-3677",,"logistical","Resource Limitations","OK - no known exceptions"
"519f855e-26d6-462a-84f9-18bf2addfea8","UNDE_023.basePlot.div","D05","UNDE",46.230008,-89.501807,"WGS84",20.14,516.4,0.2,"distributed","woodyWetlands","UNDE_023","31.1.10","2022-08-18",1,"UNDE.1.2022","NEON.DOC.014042vM",,,,,,,,,,,,,"Sampling impractical record","0000-0002-8883-3677",,"logistical","Resource Limitations","OK - no known exceptions"
"39d7dd22-1709-4d29-befb-26f66d94b49f","UNDE_024.basePlot.div","D05","UNDE",46.215356,-89.516732,"WGS84",20.29,504.9,0.5,"distributed","woodyWetlands","UNDE_024","41","2022-08-18",1,"UNDE.1.2022","NEON.DOC.014042vM",,,,,,,,,,,,,"Sampling impractical record","0000-0002-8883-3677",,"logistical","Resource Limitations","OK - no known exceptions"
"4e4d388e-6a84-40eb-a4fd-f94a7b75564d","UNDE_018.basePlot.div","D05","UNDE",46.243048,-89.534710,"WGS84",20.12,506.4,0.1,"distributed","woodyWetlands","UNDE_018","40.3.10","2022-08-18",1,"UNDE.1.2022","NEON.DOC.014042vM",,,,,,,,,,,,,"Sampling impractical record","0000-0002-8883-3677",,"logistical","Resource Limitations","OK - no known exceptions"
"7cf7c9ed-9214-4c63-b705-71cc28074851","UNDE_029.basePlot.div","D05","UNDE",46.251554,-89.516809,"WGS84",20.22,521.9,0.3,"distributed","deciduousForest","UNDE_029","41.4.10","2022-08-18",1,"UNDE.1.2022","NEON.DOC.014042vM",,,,,,,,,,,,,"Sampling impractical record","0000-0002-8883-3677",,"logistical","Resource Limitations","OK - no known exceptions"
"c19f5f64-8980-4f3b-8616-ddf8b424a4bc","UNDE_034.basePlot.div","D05","UNDE",46.248534,-89.520942,"WGS84",20.23,519.1,0.3,"distributed","mixedForest","UNDE_034","40.3.10","2022-08-18",1,"UNDE.1.2022","NEON.DOC.014042vM",,,,,,,,,,,,,"Sampling impractical record","0000-0002-8883-3677",,"logistical","Resource Limitations","OK - no known exceptions"
"2fc26f83-96a0-434e-9949-e0deff1d7c53","UNDE_019.basePlot.div","D05","UNDE",46.258243,-89.543562,"WGS84",20.27,517.5,0.3,"distributed","deciduousForest","UNDE_019","32.4.10","2022-08-18",1,"UNDE.1.2022","NEON.DOC.014042vM",,,,,,,,,,,,,"Sampling impractical record","0000-0002-8883-3677",,"logistical","Resource Limitations","OK - no known exceptions"
"5c4a0896-bb91-4b44-a77f-724b4b922a0c","UNDE_025.basePlot.div","D05","UNDE",46.234098,-89.573198,"WGS84",20.10,508.9,0.1,"distributed","woodyWetlands","UNDE_025","32.2.10","2022-08-18",1,"UNDE.1.2022","NEON.DOC.014042vM",,,,,,,,,,,,,"Sampling impractical record","0000-0002-8883-3677",,"logistical","Resource Limitations","OK - no known exceptions"
"1749e2bf-e9b2-4f37-ae8b-d836e59c8d00","UNDE_020.basePlot.div","D05","UNDE",46.207506,-89.481736,"WGS84",20.18,507.2,0.4,"distributed","woodyWetlands","UNDE_020","41.4.10","2022-08-18",1,"UNDE.1.2022","NEON.DOC.014042vM",,,,,,,,,,,,,"Sampling impractical record","0000-0002-8883-3677",,"logistical","Resource Limitations","OK - no known exceptions"
"7d9671fa-98eb-4874-89a6-c209714ed04e","UNDE_018.basePlot.div","D05","UNDE",46.243048,-89.534710,"WGS84",20.12,506.4,0.1,"distributed","woodyWetlands","UNDE_018","31","2022-08-18",1,"UNDE.1.2022","NEON.DOC.014042vM",,,,,,,,,,,,,"Sampling impractical record","0000-0002-8883-3677",,"logistical","Resource Limitations","OK - no known exceptions"
"82717290-2275-40fc-a362-0c08f1342f55","UNDE_025.basePlot.div","D05","UNDE",46.234098,-89.573198,"WGS84",20.10,508.9,0.1,"distributed","woodyWetlands","UNDE_025","32.4.10","2022-08-18",1,"UNDE.1.2022","NEON.DOC.014042vM",,,,,,,,,,,,,"Sampling impractical record","0000-0002-8883-3677",,"logistical","Resource Limitations","OK - no known exceptions"
"9521aff3-0749-42cf-9d88-c0c1bf629279","UNDE_035.basePlot.div","D05","UNDE",46.218532,-89.507910,"WGS84",20.19,521.3,0.2,"distributed","mixedForest","UNDE_035","31.1.10","2022-08-18",1,"UNDE.1.2022","NEON.DOC.014042vM",,,,,,,,,,,,,"Sampling impractical record","0000-0002-8883-3677",,"logistical","Resource Limitations","OK - no known exceptions"
"c8408b12-3fae-4c97-a4c7-49c6847aa40d","UNDE_024.basePlot.div","D05","UNDE",46.215356,-89.516732,"WGS84",20.29,504.9,0.5,"distributed","woodyWetlands","UNDE_024","40","2022-08-18",1,"UNDE.1.2022","NEON.DOC.014042vM",,,,,,,,,,,,,"Sampling impractical record","0000-0002-8883-3677",,"location flooded","Resource Limitations","OK - no known exceptions"
"490fb9b9-7c5f-4dba-a27e-5314edc160b1","UNDE_077.basePlot.div","D05","UNDE",46.247265,-89.539571,"WGS84",20.19,516.4,0.2,"distributed","mixedForest","UNDE_077","31","2022-08-18",1,"UNDE.1.2022","NEON.DOC.014042vM",,,,,,,,,,,,,"Sampling impractical record","0000-0002-8883-3677",,"logistical","Resource Limitations","OK - no known exceptions"
"7c73677b-0c23-450b-910e-817aafd52c3f","UNDE_035.basePlot.div","D05","UNDE",46.218532,-89.507910,"WGS84",20.19,521.3,0.2,"distributed","mixedForest","UNDE_035","40","2022-08-18",1,"UNDE.1.2022","NEON.DOC.014042vM",,,,,,,,,,,,,"Sampling impractical record","0000-0002-8883-3677",,"location flooded","Resource Limitations","OK - no known exceptions"
"4c6399c2-be1e-4d59-8f41-5535883083f5","UNDE_023.basePlot.div","D05","UNDE",46.230008,-89.501807,"WGS84",20.14,516.4,0.2,"distributed","woodyWetlands","UNDE_023","40.1.10","2022-08-18",1,"UNDE.1.2022","NEON.DOC.014042vM",,,,,,,,,,,,,"Sampling impractical record","0000-0002-8883-3677",,"logistical","Resource Limitations","OK - no known exceptions"
"3f0c333c-aab1-444b-8528-120be1de0bcb","UNDE_021.basePlot.div","D05","UNDE",46.218464,-89.511800,"WGS84",20.24,508.7,0.4,"distributed","woodyWetlands","UNDE_021","31.1.10","2022-08-18",1,"UNDE.1.2022","NEON.DOC.014042vM",,,,,,,,,,,,,"Sampling impractical record","0000-0002-8883-3677",,"logistical","Resource Limitations","OK - no known exceptions"
"b57a3bc7-e49d-42bc-bd93-fc841e345ba7","UNDE_016.basePlot.div","D05","UNDE",46.245970,-89.525485,"WGS84",20.14,505.1,0.2,"distributed","woodyWetlands","UNDE_016","32.4.10","2022-08-18",1,"UNDE.1.2022","NEON.DOC.014042vM",,,,,,,,,,,,,"Sampling impractical record","0000-0002-8883-3677",,"logistical","Resource Limitations","OK - no known exceptions"
"f089094d-2565-43f8-b3eb-f682ae010767","UNDE_027.basePlot.div","D05","UNDE",46.210824,-89.490040,"WGS84",20.23,516.7,0.3,"distributed","deciduousForest","UNDE_027","41","2022-08-18",1,"UNDE.1.2022","NEON.DOC.014042vM",,,,,,,,,,,,,"Sampling impractical record","0000-0002-8883-3677",,"logistical","Resource Limitations","OK - no known exceptions"
"be3dcfd1-5527-4467-b450-77a7c3501b63","UNDE_018.basePlot.div","D05","UNDE",46.243048,-89.534710,"WGS84",20.12,506.4,0.1,"distributed","woodyWetlands","UNDE_018","41.4.10","2022-08-18",1,"UNDE.1.2022","NEON.DOC.014042vM",,,,,,,,,,,,,"Sampling impractical record","0000-0002-8883-3677",,"logistical","Resource Limitations","OK - no known exceptions"
"91edebb9-ebd4-4c1a-a979-a07eb95b73b8","UNDE_023.basePlot.div","D05","UNDE",46.230008,-89.501807,"WGS84",20.14,516.4,0.2,"distributed","woodyWetlands","UNDE_023","40","2022-08-18",1,"UNDE.1.2022","NEON.DOC.014042vM",,,,,,,,,,,,,"Sampling impractical record","0000-0002-8883-3677",,"location flooded","Resource Limitations","OK - no known exceptions"
"d9534aaf-65da-4809-946c-2432d8f18a85","UNDE_020.basePlot.div","D05","UNDE",46.207506,-89.481736,"WGS84",20.18,507.2,0.4,"distributed","woodyWetlands","UNDE_020","40","2022-08-18",1,"UNDE.1.2022","NEON.DOC.014042vM",,,,,,,,,,,,,"Sampling impractical record","0000-0002-8883-3677",,"location flooded","Resource Limitations","OK - no known exceptions"
"6cb0edd5-8e4b-4ec3-846e-d43bbc6660a6","UNDE_077.basePlot.div","D05","UNDE",46.247265,-89.539571,"WGS84",20.19,516.4,0.2,"distributed","mixedForest","UNDE_077","41","2022-08-18",1,"UNDE.1.2022","NEON.DOC.014042vM",,,,,,,,,,,,,"Sampling impractical record","0000-0002-8883-3677",,"logistical","Resource Limitations","OK - no known exceptions"
"b462a7fa-32ae-4679-ab2d-b645cd937238","UNDE_036.basePlot.div","D05","UNDE",46.253708,-89.516869,"WGS84",20.16,525.0,0.2,"distributed","mixedForest","UNDE_036","40","2022-08-18",1,"UNDE.1.2022","NEON.DOC.014042vM",,,,,,,,,,,,,"Sampling impractical record","0000-0002-8883-3677",,"location flooded","Resource Limitations","OK - no known exceptions"
"10047ae5-9ff0-41b8-942c-068e627f5c61","UNDE_021.basePlot.div","D05","UNDE",46.218464,-89.511800,"WGS84",20.24,508.7,0.4,"distributed","woodyWetlands","UNDE_021","41","2022-08-18",1,"UNDE.1.2022","NEON.DOC.014042vM",,,,,,,,,,,,,"Sampling impractical record","0000-0002-8883-3677",,"logistical","Resource Limitations","OK - no known exceptions"
"88dab086-5d63-49a5-b4cf-1038cd11b319","UNDE_019.basePlot.div","D05","UNDE",46.258243,-89.543562,"WGS84",20.27,517.5,0.3,"distributed","deciduousForest","UNDE_019","31.1.10","2022-08-18",1,"UNDE.1.2022","NEON.DOC.014042vM",,,,,,,,,,,,,"Sampling impractical record","0000-0002-8883-3677",,"logistical","Resource Limitations","OK - no known exceptions"
"69bc57ed-6355-4e46-8628-3e274308eb25","UNDE_028.basePlot.div","D05","UNDE",46.256879,-89.545066,"WGS84",20.19,519.4,0.2,"distributed","deciduousForest","UNDE_028","41","2022-08-18",1,"UNDE.1.2022","NEON.DOC.014042vM",,,,,,,,,,,,,"Sampling impractical record","0000-0002-8883-3677",,"logistical","Resource Limitations","OK - no known exceptions"
"7389112e-52b2-4aea-b242-d09a9eae16d9","UNDE_020.basePlot.div","D05","UNDE",46.207506,-89.481736,"WGS84",20.18,507.2,0.4,"distributed","woodyWetlands","UNDE_020","31","2022-08-18",1,"UNDE.1.2022","NEON.DOC.014042vM",,,,,,,,,,,,,"Sampling impractical record","0000-0002-8883-3677",,"logistical","Resource Limitations","OK - no known exceptions"
"53fb9bb4-59a1-43f6-9af4-4fdbaf51930f","UNDE_027.basePlot.div","D05","UNDE",46.210824,-89.490040,"WGS84",20.23,516.7,0.3,"distributed","deciduousForest","UNDE_027","32","2022-08-18",1,"UNDE.1.2022","NEON.DOC.014042vM",,,,,,,,,,,,,"Sampling impractical record","0000-0002-8883-3677",,"location flooded","Resource Limitations","OK - no known exceptions"
"157b72d1-0aac-41bc-a58b-ef0dfe046018","UNDE_021.basePlot.div","D05","UNDE",46.218464,-89.511800,"WGS84",20.24,508.7,0.4,"distributed","woodyWetlands","UNDE_021","40","2022-08-18",1,"UNDE.1.2022","NEON.DOC.014042vM",,,,,,,,,,,,,"Sampling impractical record","0000-0002-8883-3677",,"location flooded","Resource Limitations","OK - no known exceptions"
"25e872c0-3e14-4f7e-b7e4-055e491cf295","UNDE_028.basePlot.div","D05","UNDE",46.256879,-89.545066,"WGS84",20.19,519.4,0.2,"distributed","deciduousForest","UNDE_028","40","2022-08-18",1,"UNDE.1.2022","NEON.DOC.014042vM",,,,,,,,,,,,,"Sampling impractical record","0000-0002-8883-3677",,"location flooded","Resource Limitations","OK - no known exceptions"
"9a8b7e34-b7f3-4ac5-91d8-319bee05e9ee","UNDE_027.basePlot.div","D05","UNDE",46.210824,-89.490040,"WGS84",20.23,516.7,0.3,"distributed","deciduousForest","UNDE_027","40","2022-08-18",1,"UNDE.1.2022","NEON.DOC.014042vM",,,,,,,,,,,,,"Sampling impractical record","0000-0002-8883-3677",,"location flooded","Resource Limitations","OK - no known exceptions"
"eeb2e5d7-dc9c-4e6c-a83e-909ef693f0d9","UNDE_024.basePlot.div","D05","UNDE",46.215356,-89.516732,"WGS84",20.29,504.9,0.5,"distributed","woodyWetlands","UNDE_024","32.4.10","2022-08-18",1,"UNDE.1.2022","NEON.DOC.014042vM",,,,,,,,,,,,,"Sampling impractical record","0000-0002-8883-3677",,"logistical","Resource Limitations","OK - no known exceptions"
"55ebb0db-e682-43cb-8883-1ee91fbc5eb5","UNDE_028.basePlot.div","D05","UNDE",46.256879,-89.545066,"WGS84",20.19,519.4,0.2,"distributed","deciduousForest","UNDE_028","32.2.10","2022-08-18",1,"UNDE.1.2022","NEON.DOC.014042vM",,,,,,,,,,,,,"Sampling impractical record","0000-0002-8883-3677",,"logistical","Resource Limitations","OK - no known exceptions"
"8027e8f8-d7f1-4f84-a9fc-4423e5707aaf","UNDE_021.basePlot.div","D05","UNDE",46.218464,-89.511800,"WGS84",20.24,508.7,0.4,"distributed","woodyWetlands","UNDE_021","40.1.10","2022-08-18",1,"UNDE.1.2022","NEON.DOC.014042vM",,,,,,,,,,,,,"Sampling impractical record","0000-0002-8883-3677",,"logistical","Resource Limitations","OK - no known exceptions"
"fee79526-bb21-4cfd-af2f-87d6766bc2f5","UNDE_030.basePlot.div","D05","UNDE",46.234502,-89.518756,"WGS84",20.24,519.0,0.3,"distributed","deciduousForest","UNDE_030","32","2022-08-18",1,"UNDE.1.2022","NEON.DOC.014042vM",,,,,,,,,,,,,"Sampling impractical record","0000-0002-8883-3677",,"location flooded","Resource Limitations","OK - no known exceptions"
"8c8f79af-ee20-4af8-8200-63a41b04c21c","UNDE_019.basePlot.div","D05","UNDE",46.258243,-89.543562,"WGS84",20.27,517.5,0.3,"distributed","deciduousForest","UNDE_019","32.2.10","2022-08-18",1,"UNDE.1.2022","NEON.DOC.014042vM",,,,,,,,,,,,,"Sampling impractical record","0000-0002-8883-3677",,"logistical","Resource Limitations","OK - no known exceptions"
"0661be91-f3cb-418d-a040-98fc1af733c4","UNDE_029.basePlot.div","D05","UNDE",46.251554,-89.516809,"WGS84",20.22,521.9,0.3,"distributed","deciduousForest","UNDE_029","32.2.10","2022-08-18",1,"UNDE.1.2022","NEON.DOC.014042vM",,,,,,,,,,,,,"Sampling impractical record","0000-0002-8883-3677",,"logistical","Resource Limitations","OK - no known exceptions"
"c1455a2d-2164-4c67-a980-20c4e8f8ca14","UNDE_077.basePlot.div","D05","UNDE",46.247265,-89.539571,"WGS84",20.19,516.4,0.2,"distributed","mixedForest","UNDE_077","40","2022-08-18",1,"UNDE.1.2022","NEON.DOC.014042vM",,,,,,,,,,,,,"Sampling impractical record","0000-0002-8883-3677",,"location flooded","Resource Limitations","OK - no known exceptions"
"49b8ffdd-43b2-480f-b4cc-a999f3c0eca0","UNDE_022.basePlot.div","D05","UNDE",46.230668,-89.569550,"WGS84",20.10,508.9,0.1,"distributed","woodyWetlands","UNDE_022","32","2022-08-18",1,"UNDE.1.2022","NEON.DOC.014042vM",,,,,,,,,,,,,"Sampling impractical record","0000-0002-8883-3677",,"location flooded","Resource Limitations","OK - no known exceptions"
"01a91044-0ba6-42d0-ae04-5ae99ff5822c","UNDE_034.basePlot.div","D05","UNDE",46.248534,-89.520942,"WGS84",20.23,519.1,0.3,"distributed","mixedForest","UNDE_034","32.2.10","2022-08-18",1,"UNDE.1.2022","NEON.DOC.014042vM",,,,,,,,,,,,,"Sampling impractical record","0000-0002-8883-3677",,"logistical","Resource Limitations","OK - no known exceptions"
"d6539f88-4c3d-434c-a4f4-8844781b6bab","UNDE_027.basePlot.div","D05","UNDE",46.210824,-89.490040,"WGS84",20.23,516.7,0.3,"distributed","deciduousForest","UNDE_027","31.1.10","2022-08-18",1,"UNDE.1.2022","NEON.DOC.014042vM",,,,,,,,,,,,,"Sampling impractical record","0000-0002-8883-3677",,"logistical","Resource Limitations","OK - no known exceptions"
"b8a84694-32db-460b-a2e9-8fc26407d625","UNDE_036.basePlot.div","D05","UNDE",46.253708,-89.516869,"WGS84",20.16,525.0,0.2,"distributed","mixedForest","UNDE_036","32","2022-08-18",1,"UNDE.1.2022","NEON.DOC.014042vM",,,,,,,,,,,,,"Sampling impractical record","0000-0002-8883-3677",,"location flooded","Resource Limitations","OK - no known exceptions"
"2f346dde-f4ab-4302-b488-e5e3899f90bb","UNDE_027.basePlot.div","D05","UNDE",46.210824,-89.490040,"WGS84",20.23,516.7,0.3,"distributed","deciduousForest","UNDE_027","31","2022-08-18",1,"UNDE.1.2022","NEON.DOC.014042vM",,,,,,,,,,,,,"Sampling impractical record","0000-0002-8883-3677",,"logistical","Resource Limitations","OK - no known exceptions"
"20298ae0-a305-46d6-b275-c0632d9195e7","UNDE_025.basePlot.div","D05","UNDE",46.234098,-89.573198,"WGS84",20.10,508.9,0.1,"distributed","woodyWetlands","UNDE_025","40","2022-08-18",1,"UNDE.1.2022","NEON.DOC.014042vM",,,,,,,,,,,,,"Sampling impractical record","0000-0002-8883-3677",,"location flooded","Resource Limitations","OK - no known exceptions"
"d3e37d6a-ac80-4b4b-b6f9-2ad8f2470404","UNDE_023.basePlot.div","D05","UNDE",46.230008,-89.501807,"WGS84",20.14,516.4,0.2,"distributed","woodyWetlands","UNDE_023","41.4.10","2022-08-18",1,"UNDE.1.2022","NEON.DOC.014042vM",,,,,,,,,,,,,"Sampling impractical record","0000-0002-8883-3677",,"logistical","Resource Limitations","OK - no known exceptions"
"468a744e-2df8-4b43-bb48-a45e222659cd","UNDE_030.basePlot.div","D05","UNDE",46.234502,-89.518756,"WGS84",20.24,519.0,0.3,"distributed","deciduousForest","UNDE_030","41.4.10","2022-08-18",1,"UNDE.1.2022","NEON.DOC.014042vM",,,,,,,,,,,,,"Sampling impractical record","0000-0002-8883-3677",,"logistical","Resource Limitations","OK - no known exceptions"
"d29a0790-103c-4be9-9da5-6236cd8d654e","UNDE_036.basePlot.div","D05","UNDE",46.253708,-89.516869,"WGS84",20.16,525.0,0.2,"distributed","mixedForest","UNDE_036","40.1.10","2022-08-18",1,"UNDE.1.2022","NEON.DOC.014042vM",,,,,,,,,,,,,"Sampling impractical record","0000-0002-8883-3677",,"logistical","Resource Limitations","OK - no known exceptions"
"18952a76-d6f3-455b-948b-ebab65643fd2","UNDE_036.basePlot.div","D05","UNDE",46.253708,-89.516869,"WGS84",20.16,525.0,0.2,"distributed","mixedForest","UNDE_036","32.4.10","2022-08-18",1,"UNDE.1.2022","NEON.DOC.014042vM",,,,,,,,,,,,,"Sampling impractical record","0000-0002-8883-3677",,"logistical","Resource Limitations","OK - no known exceptions"
"b068785d-07a8-41d9-ad2e-fccffc649b88","UNDE_019.basePlot.div","D05","UNDE",46.258243,-89.543562,"WGS84",20.27,517.5,0.3,"distributed","deciduousForest","UNDE_019","40.3.10","2022-08-18",1,"UNDE.1.2022","NEON.DOC.014042vM",,,,,,,,,,,,,"Sampling impractical record","0000-0002-8883-3677",,"logistical","Resource Limitations","OK - no known exceptions"
"be06dede-c0d2-49d2-8a6c-37ecd7838ded","UNDE_035.basePlot.div","D05","UNDE",46.218532,-89.507910,"WGS84",20.19,521.3,0.2,"distributed","mixedForest","UNDE_035","41","2022-08-18",1,"UNDE.1.2022","NEON.DOC.014042vM",,,,,,,,,,,,,"Sampling impractical record","0000-0002-8883-3677",,"logistical","Resource Limitations","OK - no known exceptions"
"bd5f27b0-13d5-48e0-b4e6-e55645855078","UNDE_016.basePlot.div","D05","UNDE",46.245970,-89.525485,"WGS84",20.14,505.1,0.2,"distributed","woodyWetlands","UNDE_016","41.4.10","2022-08-18",1,"UNDE.1.2022","NEON.DOC.014042vM",,,,,,,,,,,,,"Sampling impractical record","0000-0002-8883-3677",,"logistical","Resource Limitations","OK - no known exceptions"
"780de954-2b0a-448d-8c19-d86a6b2e78d6","UNDE_030.basePlot.div","D05","UNDE",46.234502,-89.518756,"WGS84",20.24,519.0,0.3,"distributed","deciduousForest","UNDE_030","32.2.10","2022-08-18",1,"UNDE.1.2022","NEON.DOC.014042vM",,,,,,,,,,,,,"Sampling impractical record","0000-0002-8883-3677",,"logistical","Resource Limitations","OK - no known exceptions"
"fe25d56d-4484-45cd-bcee-6b062442da22","UNDE_022.basePlot.div","D05","UNDE",46.230668,-89.569550,"WGS84",20.10,508.9,0.1,"distributed","woodyWetlands","UNDE_022","32.2.10","2022-08-18",1,"UNDE.1.2022","NEON.DOC.014042vM",,,,,,,,,,,,,"Sampling impractical record","0000-0002-8883-3677",,"logistical","Resource Limitations","OK - no known exceptions"
"06493595-5ba5-4d3f-ba6c-1243e140fde5","UNDE_023.basePlot.div","D05","UNDE",46.230008,-89.501807,"WGS84",20.14,516.4,0.2,"distributed","woodyWetlands","UNDE_023","32","2022-08-18",1,"UNDE.1.2022","NEON.DOC.014042vM",,,,,,,,,,,,,"Sampling impractical record","0000-0002-8883-3677",,"location flooded","Resource Limitations","OK - no known exceptions"
"f22c82e0-bd6e-48c4-92c6-277810587a02","UNDE_014.basePlot.div","D05","UNDE",46.225960,-89.513299,"WGS84",20.17,524.0,0.2,"distributed","deciduousForest","UNDE_014","40.1.10","2022-08-18",1,"UNDE.1.2022","NEON.DOC.014042vM",,,,,,,,,,,,,"Sampling impractical record","0000-0002-8883-3677",,"logistical","Resource Limitations","OK - no known exceptions"
"29ff8a80-3d23-4f48-a28d-536f4e700fcd","UNDE_016.basePlot.div","D05","UNDE",46.245970,-89.525485,"WGS84",20.14,505.1,0.2,"distributed","woodyWetlands","UNDE_016","32.2.10","2022-08-18",1,"UNDE.1.2022","NEON.DOC.014042vM",,,,,,,,,,,,,"Sampling impractical record","0000-0002-8883-3677",,"logistical","Resource Limitations","OK - no known exceptions"
"e45f5412-8c34-4c7a-b4ce-26e00f944955","UNDE_077.basePlot.div","D05","UNDE",46.247265,-89.539571,"WGS84",20.19,516.4,0.2,"distributed","mixedForest","UNDE_077","40.1.10","2022-08-18",1,"UNDE.1.2022","NEON.DOC.014042vM",,,,,,,,,,,,,"Sampling impractical record","0000-0002-8883-3677",,"logistical","Resource Limitations","OK - no known exceptions"
"5b9e6e29-4283-4419-84ad-80b562917904","UNDE_029.basePlot.div","D05","UNDE",46.251554,-89.516809,"WGS84",20.22,521.9,0.3,"distributed","deciduousForest","UNDE_029","31","2022-08-18",1,"UNDE.1.2022","NEON.DOC.014042vM",,,,,,,,,,,,,"Sampling impractical record","0000-0002-8883-3677",,"logistical","Resource Limitations","OK - no known exceptions"
"ee874874-b5c5-4902-8731-69669f779e00","UNDE_024.basePlot.div","D05","UNDE",46.215356,-89.516732,"WGS84",20.29,504.9,0.5,"distributed","woodyWetlands","UNDE_024","40.1.10","2022-08-18",1,"UNDE.1.2022","NEON.DOC.014042vM",,,,,,,,,,,,,"Sampling impractical record","0000-0002-8883-3677",,"logistical","Resource Limitations","OK - no known exceptions"
"c6a7e648-7fdc-4aa9-9761-79cc1b0f6489","UNDE_034.basePlot.div","D05","UNDE",46.248534,-89.520942,"WGS84",20.23,519.1,0.3,"distributed","mixedForest","UNDE_034","31.1.10","2022-08-18",1,"UNDE.1.2022","NEON.DOC.014042vM",,,,,,,,,,,,,"Sampling impractical record","0000-0002-8883-3677",,"logistical","Resource Limitations",
"6cdd7646-a459-4167-9bad-5bbed8a1c9e5","UNDE_014.basePlot.div","D05","UNDE",46.225960,-89.513299,"WGS84",20.17,524.0,0.2,"distributed","deciduousForest","UNDE_014","41.4.10","2022-08-18",1,"UNDE.1.2022","NEON.DOC.014042vM",,,,,,,,,,,,,"Sampling impractical record","0000-0002-8883-3677",,"logistical","Resource Limitations","OK - no known exceptions"
"ab35c5fb-8032-4886-a7ab-0a6768f98a00","UNDE_014.basePlot.div","D05","UNDE",46.225960,-89.513299,"WGS84",20.17,524.0,0.2,"distributed","deciduousForest","UNDE_014","41","2022-08-18",1,"UNDE.1.2022","NEON.DOC.014042vM",,,,,,,,,,,,,"Sampling impractical record","0000-0002-8883-3677",,"logistical","Resource Limitations","OK - no known exceptions"
"e9a6e145-3605-4912-b2c3-b2d64d9c410f","UNDE_018.basePlot.div","D05","UNDE",46.243048,-89.534710,"WGS84",20.12,506.4,0.1,"distributed","woodyWetlands","UNDE_018","32.4.10","2022-08-18",1,"UNDE.1.2022","NEON.DOC.014042vM",,,,,,,,,,,,,"Sampling impractical record","0000-0002-8883-3677",,"logistical","Resource Limitations","OK - no known exceptions"
"8ca443a6-1177-42ff-ba3a-afd9cc5edd47","UNDE_016.basePlot.div","D05","UNDE",46.245970,-89.525485,"WGS84",20.14,505.1,0.2,"distributed","woodyWetlands","UNDE_016","32","2022-08-18",1,"UNDE.1.2022","NEON.DOC.014042vM",,,,,,,,,,,,,"Sampling impractical record","0000-0002-8883-3677",,"location flooded","Resource Limitations","OK - no known exceptions"
"5052f98c-cc7e-46c9-8b68-22bd520c37d6","UNDE_016.basePlot.div","D05","UNDE",46.245970,-89.525485,"WGS84",20.14,505.1,0.2,"distributed","woodyWetlands","UNDE_016","40.1.10","2022-08-18",1,"UNDE.1.2022","NEON.DOC.014042vM",,,,,,,,,,,,,"Sampling impractical record","0000-0002-8883-3677",,"logistical","Resource Limitations","OK - no known exceptions"
"c708c66d-2d65-4705-91b2-58725568c9e1","UNDE_028.basePlot.div","D05","UNDE",46.256879,-89.545066,"WGS84",20.19,519.4,0.2,"distributed","deciduousForest","UNDE_028","40.1.10","2022-08-18",1,"UNDE.1.2022","NEON.DOC.014042vM",,,,,,,,,,,,,"Sampling impractical record","0000-0002-8883-3677",,"logistical","Resource Limitations","OK - no known exceptions"
"02832a22-e7b0-4ff2-a4ef-f9ee073cd4a6","UNDE_035.basePlot.div","D05","UNDE",46.218532,-89.507910,"WGS84",20.19,521.3,0.2,"distributed","mixedForest","UNDE_035","32.2.10","2022-08-18",1,"UNDE.1.2022","NEON.DOC.014042vM",,,,,,,,,,,,,"Sampling impractical record","0000-0002-8883-3677",,"logistical","Resource Limitations","OK - no known exceptions"
"3d432cd9-6800-4ce4-aaf1-70442805e1ae","UNDE_021.basePlot.div","D05","UNDE",46.218464,-89.511800,"WGS84",20.24,508.7,0.4,"distributed","woodyWetlands","UNDE_021","32.4.10","2022-08-18",1,"UNDE.1.2022","NEON.DOC.014042vM",,,,,,,,,,,,,"Sampling impractical record","0000-0002-8883-3677",,"logistical","Resource Limitations","OK - no known exceptions"
"f2a077e5-b444-4890-b3fa-72312a258b0d","UNDE_077.basePlot.div","D05","UNDE",46.247265,-89.539571,"WGS84",20.19,516.4,0.2,"distributed","mixedForest","UNDE_077","32.4.10","2022-08-18",1,"UNDE.1.2022","NEON.DOC.014042vM",,,,,,,,,,,,,"Sampling impractical record","0000-0002-8883-3677",,"logistical","Resource Limitations","OK - no known exceptions"
"dca0d9b8-070b-4b3f-9f64-3583156d5eaf","UNDE_029.basePlot.div","D05","UNDE",46.251554,-89.516809,"WGS84",20.22,521.9,0.3,"distributed","deciduousForest","UNDE_029","40.1.10","2022-08-18",1,"UNDE.1.2022","NEON.DOC.014042vM",,,,,,,,,,,,,"Sampling impractical record","0000-0002-8883-3677",,"logistical","Resource Limitations","OK - no known exceptions"
"31c33f71-ad21-4330-b7ff-5e4c8b6a82c6","UNDE_077.basePlot.div","D05","UNDE",46.247265,-89.539571,"WGS84",20.19,516.4,0.2,"distributed","mixedForest","UNDE_077","32","2022-08-18",1,"UNDE.1.2022","NEON.DOC.014042vM",,,,,,,,,,,,,"Sampling impractical record","0000-0002-8883-3677",,"location flooded","Resource Limitations","OK - no known exceptions"
"efd91c66-f09b-4f11-a82b-df06a0925aaf","UNDE_014.basePlot.div","D05","UNDE",46.225960,-89.513299,"WGS84",20.17,524.0,0.2,"distributed","deciduousForest","UNDE_014","32.4.10","2022-08-18",1,"UNDE.1.2022","NEON.DOC.014042vM",,,,,,,,,,,,,"Sampling impractical record","0000-0002-8883-3677",,"logistical","Resource Limitations","OK - no known exceptions"
"cba1074f-c472-4cdd-8f2b-7617c9aae50f","UNDE_025.basePlot.div","D05","UNDE",46.234098,-89.573198,"WGS84",20.10,508.9,0.1,"distributed","woodyWetlands","UNDE_025","31","2022-08-18",1,"UNDE.1.2022","NEON.DOC.014042vM",,,,,,,,,,,,,"Sampling impractical record","0000-0002-8883-3677",,"logistical","Resource Limitations","OK - no known exceptions"
"6fd3fc59-2295-4cc2-90dd-efca2e0ee45f","UNDE_014.basePlot.div","D05","UNDE",46.225960,-89.513299,"WGS84",20.17,524.0,0.2,"distributed","deciduousForest","UNDE_014","32","2022-08-18",1,"UNDE.1.2022","NEON.DOC.014042vM",,,,,,,,,,,,,"Sampling impractical record","0000-0002-8883-3677",,"location flooded","Resource Limitations","OK - no known exceptions"
"f7b7425c-979d-44eb-9701-e3bd1f60950a","UNDE_025.basePlot.div","D05","UNDE",46.234098,-89.573198,"WGS84",20.10,508.9,0.1,"distributed","woodyWetlands","UNDE_025","41","2022-08-18",1,"UNDE.1.2022","NEON.DOC.014042vM",,,,,,,,,,,,,"Sampling impractical record","0000-0002-8883-3677",,"logistical","Resource Limitations","OK - no known exceptions"
"864263b8-3dd2-432e-8183-134c6ed6871f","UNDE_022.basePlot.div","D05","UNDE",46.230668,-89.569550,"WGS84",20.10,508.9,0.1,"distributed","woodyWetlands","UNDE_022","41","2022-08-18",1,"UNDE.1.2022","NEON.DOC.014042vM",,,,,,,,,,,,,"Sampling impractical record","0000-0002-8883-3677",,"logistical","Resource Limitations","OK - no known exceptions"
"173d644b-c9c9-441d-b200-48fa7b57e1c5","UNDE_029.basePlot.div","D05","UNDE",46.251554,-89.516809,"WGS84",20.22,521.9,0.3,"distributed","deciduousForest","UNDE_029","32.4.10","2022-08-18",1,"UNDE.1.2022","NEON.DOC.014042vM",,,,,,,,,,,,,"Sampling impractical record","0000-0002-8883-3677",,"logistical","Resource Limitations","OK - no known exceptions"
"0f49896b-6faf-428d-8d1a-a14b8828c0a7","UNDE_018.basePlot.div","D05","UNDE",46.243048,-89.534710,"WGS84",20.12,506.4,0.1,"distributed","woodyWetlands","UNDE_018","31.1.10","2022-08-18",1,"UNDE.1.2022","NEON.DOC.014042vM",,,,,,,,,,,,,"Sampling impractical record","0000-0002-8883-3677",,"logistical","Resource Limitations","OK - no known exceptions"
"539132ff-4d89-4f10-9648-4e66be121ab9","UNDE_030.basePlot.div","D05","UNDE",46.234502,-89.518756,"WGS84",20.24,519.0,0.3,"distributed","deciduousForest","UNDE_030","31.1.10","2022-08-18",1,"UNDE.1.2022","NEON.DOC.014042vM",,,,,,,,,,,,,"Sampling impractical record","0000-0002-8883-3677",,"logistical","Resource Limitations","OK - no known exceptions"
"a206533b-939e-4e8e-889a-64daf09cec4a","UNDE_028.basePlot.div","D05","UNDE",46.256879,-89.545066,"WGS84",20.19,519.4,0.2,"distributed","deciduousForest","UNDE_028","40.3.10","2022-08-18",1,"UNDE.1.2022","NEON.DOC.014042vM",,,,,,,,,,,,,"Sampling impractical record","0000-0002-8883-3677",,"logistical","Resource Limitations","OK - no known exceptions"
"67c2e3b1-e760-47f8-b219-59e2d3eb80e2","UNDE_036.basePlot.div","D05","UNDE",46.253708,-89.516869,"WGS84",20.16,525.0,0.2,"distributed","mixedForest","UNDE_036","31.1.10","2022-08-18",1,"UNDE.1.2022","NEON.DOC.014042vM",,,,,,,,,,,,,"Sampling impractical record","0000-0002-8883-3677",,"logistical","Resource Limitations","OK - no known exceptions"
"ff205611-63ad-4e8a-89c7-ece02880fe43","UNDE_027.basePlot.div","D05","UNDE",46.210824,-89.490040,"WGS84",20.23,516.7,0.3,"distributed","deciduousForest","UNDE_027","32.4.10","2022-08-18",1,"UNDE.1.2022","NEON.DOC.014042vM",,,,,,,,,,,,,"Sampling impractical record","0000-0002-8883-3677",,"logistical","Resource Limitations","OK - no known exceptions"
"be955e6f-c600-44bb-a9f1-422f9e0e31fb","UNDE_034.basePlot.div","D05","UNDE",46.248534,-89.520942,"WGS84",20.23,519.1,0.3,"distributed","mixedForest","UNDE_034","32.4.10","2022-08-18",1,"UNDE.1.2022","NEON.DOC.014042vM",,,,,,,,,,,,,"Sampling impractical record","0000-0002-8883-3677",,"logistical","Resource Limitations","OK - no known exceptions"
"0ccf5bfd-8073-4186-ad95-c565a34cfa29","UNDE_025.basePlot.div","D05","UNDE",46.234098,-89.573198,"WGS84",20.10,508.9,0.1,"distributed","woodyWetlands","UNDE_025","32","2022-08-18",1,"UNDE.1.2022","NEON.DOC.014042vM",,,,,,,,,,,,,"Sampling impractical record","0000-0002-8883-3677",,"location flooded","Resource Limitations","OK - no known exceptions"
"61f0a8f6-9117-406c-a809-7090aec324a8","UNDE_024.basePlot.div","D05","UNDE",46.215356,-89.516732,"WGS84",20.29,504.9,0.5,"distributed","woodyWetlands","UNDE_024","31","2022-08-18",1,"UNDE.1.2022","NEON.DOC.014042vM",,,,,,,,,,,,,"Sampling impractical record","0000-0002-8883-3677",,"logistical","Resource Limitations","OK - no known exceptions"
"cd56a41f-8b64-4170-893a-eda505fee10e","UNDE_025.basePlot.div","D05","UNDE",46.234098,-89.573198,"WGS84",20.10,508.9,0.1,"distributed","woodyWetlands","UNDE_025","40.1.10","2022-08-18",1,"UNDE.1.2022","NEON.DOC.014042vM",,,,,,,,,,,,,"Sampling impractical record","0000-0002-8883-3677",,"logistical","Resource Limitations","OK - no known exceptions"
"4669d8f1-3645-414a-b4ac-38e6f445593e","UNDE_014.basePlot.div","D05","UNDE",46.225960,-89.513299,"WGS84",20.17,524.0,0.2,"distributed","deciduousForest","UNDE_014","32.2.10","2022-08-18",1,"UNDE.1.2022","NEON.DOC.014042vM",,,,,,,,,,,,,"Sampling impractical record","0000-0002-8883-3677",,"logistical","Resource Limitations","OK - no known exceptions"
"7a36b2eb-1a8b-424f-a3b6-42224c8b3830","UNDE_022.basePlot.div","D05","UNDE",46.230668,-89.569550,"WGS84",20.10,508.9,0.1,"distributed","woodyWetlands","UNDE_022","32.4.10","2022-08-18",1,"UNDE.1.2022","NEON.DOC.014042vM",,,,,,,,,,,,,"Sampling impractical record","0000-0002-8883-3677",,"logistical","Resource Limitations","OK - no known exceptions"
"ea582e93-392e-422a-867b-32a1f439074f","UNDE_030.basePlot.div","D05","UNDE",46.234502,-89.518756,"WGS84",20.24,519.0,0.3,"distributed","deciduousForest","UNDE_030","40.3.10","2022-08-18",1,"UNDE.1.2022","NEON.DOC.014042vM",,,,,,,,,,,,,"Sampling impractical record","0000-0002-8883-3677",,"logistical","Resource Limitations","OK - no known exceptions"
"2a6ca0b4-7bbd-4b60-a2ff-c6d3e49c6c6b","UNDE_030.basePlot.div","D05","UNDE",46.234502,-89.518756,"WGS84",20.24,519.0,0.3,"distributed","deciduousForest","UNDE_030","32.4.10","2022-08-18",1,"UNDE.1.2022","NEON.DOC.014042vM",,,,,,,,,,,,,"Sampling impractical record","0000-0002-8883-3677",,"logistical","Resource Limitations","OK - no known exceptions"
"6378d501-9459-401a-b7de-8b4ec4339fed","UNDE_035.basePlot.div","D05","UNDE",46.218532,-89.507910,"WGS84",20.19,521.3,0.2,"distributed","mixedForest","UNDE_035","40.1.10","2022-08-18",1,"UNDE.1.2022","NEON.DOC.014042vM",,,,,,,,,,,,,"Sampling impractical record","0000-0002-8883-3677",,"logistical","Resource Limitations","OK - no known exceptions"
"ac469854-6d57-4041-b616-a0409eeefde4","UNDE_025.basePlot.div","D05","UNDE",46.234098,-89.573198,"WGS84",20.10,508.9,0.1,"distributed","woodyWetlands","UNDE_025","40.3.10","2022-08-18",1,"UNDE.1.2022","NEON.DOC.014042vM",,,,,,,,,,,,,"Sampling impractical record","0000-0002-8883-3677",,"logistical","Resource Limitations","OK - no known exceptions"
"0a40f06b-9a8c-4c92-9dd0-c52d7895a049","UNDE_030.basePlot.div","D05","UNDE",46.234502,-89.518756,"WGS84",20.24,519.0,0.3,"distributed","deciduousForest","UNDE_030","40","2022-08-18",1,"UNDE.1.2022","NEON.DOC.014042vM",,,,,,,,,,,,,"Sampling impractical record","0000-0002-8883-3677",,"location flooded","Resource Limitations","OK - no known exceptions"
"2953cfb2-f8dc-4579-bd1b-30a79ddb671e","UNDE_034.basePlot.div","D05","UNDE",46.248534,-89.520942,"WGS84",20.23,519.1,0.3,"distributed","mixedForest","UNDE_034","31","2022-08-18",1,"UNDE.1.2022","NEON.DOC.014042vM",,,,,,,,,,,,,"Sampling impractical record","0000-0002-8883-3677",,"logistical","Resource Limitations",
"46911d9d-968d-4812-97a5-cbcd8f813cab","UNDE_014.basePlot.div","D05","UNDE",46.225960,-89.513299,"WGS84",20.17,524.0,0.2,"distributed","deciduousForest","UNDE_014","31","2022-08-18",1,"UNDE.1.2022","NEON.DOC.014042vM",,,,,,,,,,,,,"Sampling impractical record","0000-0002-8883-3677",,"logistical","Resource Limitations","OK - no known exceptions"
"9f8a1204-a04b-4392-962c-b18c056f6ba5","UNDE_016.basePlot.div","D05","UNDE",46.245970,-89.525485,"WGS84",20.14,505.1,0.2,"distributed","woodyWetlands","UNDE_016","31.1.10","2022-08-18",1,"UNDE.1.2022","NEON.DOC.014042vM",,,,,,,,,,,,,"Sampling impractical record","0000-0002-8883-3677",,"logistical","Resource Limitations","OK - no known exceptions"
"f728be30-7808-4b97-8c98-da941f170e30","UNDE_021.basePlot.div","D05","UNDE",46.218464,-89.511800,"WGS84",20.24,508.7,0.4,"distributed","woodyWetlands","UNDE_021","32.2.10","2022-08-18",1,"UNDE.1.2022","NEON.DOC.014042vM",,,,,,,,,,,,,"Sampling impractical record","0000-0002-8883-3677",,"logistical","Resource Limitations","OK - no known exceptions"
"4bff5d15-f822-4a6e-84e5-4698e63127ce","UNDE_023.basePlot.div","D05","UNDE",46.230008,-89.501807,"WGS84",20.14,516.4,0.2,"distributed","woodyWetlands","UNDE_023","41","2022-08-18",1,"UNDE.1.2022","NEON.DOC.014042vM",,,,,,,,,,,,,"Sampling impractical record","0000-0002-8883-3677",,"logistical","Resource Limitations","OK - no known exceptions"
"075d8601-849d-4234-92f2-dc889c96b0b1","UNDE_035.basePlot.div","D05","UNDE",46.218532,-89.507910,"WGS84",20.19,521.3,0.2,"distributed","mixedForest","UNDE_035","32","2022-08-18",1,"UNDE.1.2022","NEON.DOC.014042vM",,,,,,,,,,,,,"Sampling impractical record","0000-0002-8883-3677",,"location flooded","Resource Limitations","OK - no known exceptions"
"2827656d-99b0-48f3-a951-c6f412b0ded6","UNDE_029.basePlot.div","D05","UNDE",46.251554,-89.516809,"WGS84",20.22,521.9,0.3,"distributed","deciduousForest","UNDE_029","40.3.10","2022-08-18",1,"UNDE.1.2022","NEON.DOC.014042vM",,,,,,,,,,,,,"Sampling impractical record","0000-0002-8883-3677",,"logistical","Resource Limitations","OK - no known exceptions"
"8da83f0a-2248-4b04-afc3-b5a3dcaa3d46","UNDE_035.basePlot.div","D05","UNDE",46.218532,-89.507910,"WGS84",20.19,521.3,0.2,"distributed","mixedForest","UNDE_035","41.4.10","2022-08-18",1,"UNDE.1.2022","NEON.DOC.014042vM",,,,,,,,,,,,,"Sampling impractical record","0000-0002-8883-3677",,"logistical","Resource Limitations","OK - no known exceptions"
"3387c101-284c-49ae-88d8-eb88efcbf453","UNDE_028.basePlot.div","D05","UNDE",46.256879,-89.545066,"WGS84",20.19,519.4,0.2,"distributed","deciduousForest","UNDE_028","32","2022-08-18",1,"UNDE.1.2022","NEON.DOC.014042vM",,,,,,,,,,,,,"Sampling impractical record","0000-0002-8883-3677",,"location flooded","Resource Limitations","OK - no known exceptions"
